A,Ranking,Name,Token,Price,1h%,24h%,7d%,Market Cap,Volume(24h),Circulating Supply,B,URL
,17,NEAR Protocol,NEAR,$5.34,0.85%,3.41%,27.49%,"$6,044,034,058","$554,477,099
103,604,378 NEAR","1,132,588,369 NEAR",,https://coinmarketcap.com/currencies/near-protocol/
,22,Internet Computer,ICP,$9.32,0.76%,7.75%,17.96%,"$4,393,299,715","$137,745,578
14,733,240 ICP","471,229,997 ICP",,https://coinmarketcap.com/currencies/internet-computer/
,23,Artificial Superintelligence Alliance,FET,$1.72,0.31%,4.79%,26.24%,"$4,334,945,790","$289,934,145
168,577,072 FET","2,520,000,000 FET",,https://coinmarketcap.com/currencies/artificial-superintelligence-alliance/
,25,Bittensor,TAO,$556.37,0.02%,1.64%,70.67%,"$4,106,511,935","$259,607,253
465,568 TAO","7,380,936 TAO",,https://coinmarketcap.com/currencies/bittensor/
,29,Render,RENDER,$6.21,0.35%,0.56%,29.78%,"$3,214,055,741","$306,144,911
49,311,016 RENDER","517,690,631 RENDER",,https://coinmarketcap.com/currencies/render/
,42,Injective,INJ,$22.07,0.07%,0.74%,13.04%,"$2,155,937,121","$108,573,410
4,909,495 INJ","97,697,857 INJ",,https://coinmarketcap.com/currencies/injective/
,50,The Graph,GRT,$0.1844,0.07%,6.82%,29.79%,"$1,760,331,079","$73,766,356
400,129,487 GRT","9,548,531,509 GRT",,https://coinmarketcap.com/currencies/the-graph/
,55,Theta Network,THETA,$1.40,0.11%,0.48%,8.05%,"$1,396,783,584","$24,278,775
17,339,803 THETA","1,000,000,000 THETA",,https://coinmarketcap.com/currencies/theta-network/
,93,Akash Network,AKT,$2.85,0.41%,1.75%,16.39%,"$708,642,759","$10,051,038
3,517,751 AKT","248,285,795 AKT",,https://coinmarketcap.com/currencies/akash-network/
,109,AIOZ Network,AIOZ,$0.4944,0.34%,3.50%,32.00%,"$555,782,441","$5,311,485
10,745,024 AIOZ","1,124,251,219 AIOZ",,https://coinmarketcap.com/currencies/aioz-network/
,112,Oasis,ROSE,$0.07593,0.48%,3.78%,25.20%,"$536,383,950","$32,744,031
431,236,211 ROSE","7,064,132,681 ROSE",,https://coinmarketcap.com/currencies/oasis-network/
,115,DeXe,DEXE,$8.91,0.41%,0.51%,16.96%,"$508,584,835","$1,181,862
132,807 DEXE","57,103,248 DEXE",,https://coinmarketcap.com/currencies/dexe/
,144,Echelon Prime,PRIME,$11.05,0.61%,19.87%,32.55%,"$395,204,619","$13,040,213
1,180,397 PRIME","35,773,841 PRIME",,https://coinmarketcap.com/currencies/echelon-prime/
,158,Arkham,ARKM,$1.51,1.80%,3.25%,48.48%,"$339,589,575","$105,228,513
69,751,665 ARKM","225,100,000 ARKM",,https://coinmarketcap.com/currencies/arkham/
,162,Golem,GLM,$0.3225,0.43%,0.27%,17.74%,"$322,506,232","$12,332,091
38,238,302 GLM","1,000,000,000 GLM",,https://coinmarketcap.com/currencies/golem-network-tokens/
,186,io.net,IO,$2.16,0.30%,0.11%,9.04%,"$260,018,541","$59,061,869
27,274,561 IO","120,286,834 IO",,https://coinmarketcap.com/currencies/io-net/
,189,OriginTrail,TRAC,$0.6012,0.06%,2.09%,14.36%,"$247,963,050","$2,434,201
4,042,852 TRAC","412,463,783 TRAC",,https://coinmarketcap.com/currencies/origintrail/
,210,Turbo,TURBO,$0.006397,0.96%,2.96%,18.64%,"$412,542,698","$93,597,205
14,752,876,419 TURBO","64,490,000,000 TURBO",,https://coinmarketcap.com/currencies/turbo/
,221,Aethir,ATH,$0.06517,0.01%,1.23%,16.37%,"$264,383,504","$47,189,972
724,159,347 ATH","4,056,713,543 ATH",,https://coinmarketcap.com/currencies/aethir/
,225,Qubic,QUBIC,$0.052139,2.35%,8.45%,15.36%,"$240,770,778","$3,004,404
1,412,910,092,678 QUBIC","112,546,976,413,437 QUBIC",,https://coinmarketcap.com/currencies/qubic/
,226,Flux,FLUX,$0.6352,0.76%,0.81%,7.20%,"$224,553,126","$8,354,348
13,135,583 FLUX","353,495,809 FLUX",,https://coinmarketcap.com/currencies/zel/
,229,PAAL AI,PAAL,$0.2712,2.00%,3.63%,64.24%,"$222,294,947","$4,947,831
18,294,260 PAAL","819,528,083 PAAL",,https://coinmarketcap.com/currencies/paal-ai/
,240,Destra Network,DSYNC,$0.2076,1.24%,2.25%,21.44%,"$200,880,651","$1,019,404
4,907,944 DSYNC","967,506,441 DSYNC",,https://coinmarketcap.com/currencies/destra-network/
,249,Kadena,KDA,$0.6453,0.45%,1.30%,23.93%,"$187,042,080","$14,140,602
21,904,100 KDA","289,856,245 KDA",,https://coinmarketcap.com/currencies/kadena/
,251,Delysium,AGI,$0.1965,1.96%,18.04%,64.39%,"$183,625,630","$37,179,801
189,303,991 AGI","934,405,289 AGI",,https://coinmarketcap.com/currencies/delysium/
,254,Arcblock,ABT,$1.83,1.21%,1.06%,12.25%,"$180,040,240","$676,215
369,062 ABT","98,554,305 ABT",,https://coinmarketcap.com/currencies/arcblock/
,257,0x0.ai,0x0,$0.2039,0.33%,0.66%,60.88%,"$177,069,648","$651,850
3,188,697 0X0","868,563,455 0x0",,https://coinmarketcap.com/currencies/0x0-ai-ai-smart-contract/
,270,Zignaly,ZIG,$0.1161,0.27%,3.60%,20.64%,"$166,454,897","$15,361,636
131,695,061 ZIG","1,433,308,739 ZIG",,https://coinmarketcap.com/currencies/zigcoin/
,284,Casper,CSPR,$0.01182,0.45%,1.03%,5.27%,"$145,710,280","$5,593,069
472,143,586 CSPR","12,324,328,057 CSPR",,https://coinmarketcap.com/currencies/casper/
,288,RSS3,RSS3,$0.1472,2.44%,0.01%,27.80%,"$145,344,918","$9,864,671
68,114,969 RSS3","987,525,011 RSS3",,https://coinmarketcap.com/currencies/rss3/
,294,Ozone Chain,OZO,$0.2384,0.38%,0.74%,0.33%,"$136,711,923","$267,551
1,117,943 OZO","573,491,638 OZO",,https://coinmarketcap.com/currencies/ozone-chain/
,313,iExec RLC,RLC,$1.70,0.19%,1.71%,17.93%,"$123,111,224","$5,081,384
2,980,437 RLC","72,382,548 RLC",,https://coinmarketcap.com/currencies/rlc/
,314,IQ,IQ,$0.006828,1.61%,2.50%,41.38%,"$129,136,113","$135,685,835
20,819,639,245 IQ","18,912,501,356 IQ",,https://coinmarketcap.com/currencies/iq/
,317,NetMind Token,NMT,$3.61,0.58%,4.70%,76.94%,"$120,857,453","$10,535,989
2,905,279 NMT","33,450,208 NMT",,https://coinmarketcap.com/currencies/netmind-token/
,326,Numeraire,NMR,$15.95,0.15%,0.08%,13.64%,"$117,073,337","$4,387,670
274,713 NMR","7,339,192 NMR",,https://coinmarketcap.com/currencies/numeraire/
,328,Solidus Ai Tech,AITECH,$0.1125,1.01%,28.98%,41.54%,"$115,039,110","$6,481,197
57,113,704 AITECH","1,022,166,148 AITECH",,https://coinmarketcap.com/currencies/solidus-ai-tech/
,331,Sleepless AI,AI,$0.5293,1.19%,5.80%,31.71%,"$115,133,146","$26,823,795
50,904,351 AI","217,500,000 AI",,https://coinmarketcap.com/currencies/sleepless-ai/
,336,Marlin,POND,$0.01376,0.00%,2.89%,12.74%,"$111,286,220","$5,072,846
368,237,755 POND","8,087,375,977 POND",,https://coinmarketcap.com/currencies/marlin/
,345,inSure DeFi,SURE,$0.00393,0.00%,2.26%,2.92%,"$105,295,985","$477,457
121,477,637 SURE","26,790,063,175 SURE",,https://coinmarketcap.com/currencies/insure/
,363,Nosana,NOS,$2.05,0.01%,0.56%,7.88%,"$98,974,208","$1,350,393
658,066 NOS","48,197,665 NOS",,https://coinmarketcap.com/currencies/nosana/
,372,ChainGPT,CGPT,$0.1704,1.19%,12.94%,36.40%,"$95,241,956","$9,949,406
58,282,954 CGPT","558,957,852 CGPT",,https://coinmarketcap.com/currencies/chaingpt/
,380,dKargo,DKA,$0.02173,0.37%,0.53%,12.53%,"$93,004,843","$1,326,125
60,831,555 DKA","4,279,583,333 DKA",,https://coinmarketcap.com/currencies/dkargo/
,382,Phala Network,PHA,$0.1235,0.11%,1.83%,19.82%,"$92,877,403","$7,152,375
57,920,016 PHA","752,185,441 PHA",,https://coinmarketcap.com/currencies/phala-network/
,391,Hooked Protocol,HOOK,$0.4836,0.59%,4.43%,19.42%,"$90,268,670","$14,132,798
29,128,030 HOOK","186,660,920 HOOK",,https://coinmarketcap.com/currencies/hooked-protocol/
,393,Oraichain,ORAI,$6.51,0.47%,1.26%,21.70%,"$90,052,094","$2,036,366
311,704 ORAI","13,823,700 ORAI",,https://coinmarketcap.com/currencies/oraichain-token/
,402,Phoenix,PHB,$1.69,0.73%,16.00%,38.55%,"$87,457,093","$23,829,272
14,022,304 PHB","51,641,767 PHB",,https://coinmarketcap.com/currencies/phoenix-global-new/
,420,CUDOS,CUDOS,$0.01179,0.53%,2.63%,31.39%,"$80,766,779","$1,346,706
113,823,763 CUDOS","6,850,733,935 CUDOS",,https://coinmarketcap.com/currencies/cudos/
,438,Artificial Liquid Intelligence,ALI,$0.01235,3.35%,8.61%,32.16%,"$76,295,039","$1,056,917
85,571,057 ALI","6,179,259,839 ALI",,https://coinmarketcap.com/currencies/alethea-artificial-liquid-intelligence-token/
,450,NFPrompt,NFP,$0.2464,0.49%,2.65%,18.68%,"$72,152,314","$8,653,150
35,047,758 NFP","292,859,589 NFP",,https://coinmarketcap.com/currencies/nfprompt/
,456,HashAI,HASHAI,$0.000839,0.31%,9.52%,73.00%,"$70,947,293","$586,811
699,032,191 HASHAI","84,564,818,695 HASHAI",,https://coinmarketcap.com/currencies/hashai/
,461,Node AI,GPU,$0.7545,1.35%,4.54%,10.70%,"$71,731,839","$1,119,941
1,519,440 GPU","95,069,916 GPU",,https://coinmarketcap.com/currencies/node-ai/
,506,TokenFi,TOKEN,$0.0594,0.92%,1.19%,15.92%,"$59,401,550","$6,792,332
114,220,731 TOKEN","1,000,019,789 TOKEN",,https://coinmarketcap.com/currencies/tokenfi/
,521,LimeWire,LMWR,$0.1878,1.73%,1.39%,4.61%,"$56,062,644","$4,529,307
24,091,881 LMWR","298,482,486 LMWR",,https://coinmarketcap.com/currencies/limewire/
,530,PlatON,LAT,$0.008976,0.41%,0.99%,5.51%,"$53,860,995","$8,150,446
900,455,853 LAT","6,000,785,215 LAT",,https://coinmarketcap.com/currencies/platon/
,534,Dimitra,DMTR,$0.1083,0.27%,14.04%,20.64%,"$52,675,343","$541,434
4,940,082 DMTR","486,503,182 DMTR",,https://coinmarketcap.com/currencies/dimitra/
,536,Forta,FORT,$0.1238,0.09%,4.76%,4.22%,"$52,727,942","$705,938
5,703,291 FORT","425,900,172 FORT",,https://coinmarketcap.com/currencies/forta/
,543,Agoras: Currency of Tau,AGRS,$1.72,0.46%,6.85%,59.08%,"$51,421,787","$142,890
83,704 AGRS","29,892,947 AGRS",,https://coinmarketcap.com/currencies/agoras-tokens/
,546,Virtuals Protocol,VIRTUAL,$0.05074,1.13%,7.30%,61.56%,"$50,740,251","$665,449
13,116,556 VIRTUAL","1,000,000,000 VIRTUAL",,https://coinmarketcap.com/currencies/virtual-protocol/
,554,Streamr,DATA,$0.04694,1.55%,7.97%,31.53%,"$49,919,652","$13,388,745
284,799,503 DATA","1,063,403,853 DATA",,https://coinmarketcap.com/currencies/streamr/
,564,PaLM AI,PALM,$0.6367,0.49%,2.98%,42.56%,"$49,216,071","$864,729
1,397,217 PALM","77,300,000 PALM",,https://coinmarketcap.com/currencies/palm-ai/
,568,Aleph.im,ALEPH,$0.1897,1.41%,6.22%,28.49%,"$46,886,942","$461,153
2,432,171 ALEPH","247,220,482 ALEPH",,https://coinmarketcap.com/currencies/aleph-im/
,589,Humans.ai,HEART,$0.007802,0.04%,1.45%,4.65%,"$43,615,521","$123,258
15,796,612 HEART","5,590,033,742 HEART",,https://coinmarketcap.com/currencies/humans-ai/
,592,DIA,DIA,$0.3921,0.18%,2.02%,20.56%,"$43,375,191","$4,436,479
11,320,722 DIA","110,617,604 DIA",,https://coinmarketcap.com/currencies/dia/
,607,SIDUS,SIDUS,$0.00443,1.47%,15.60%,49.71%,"$41,451,032","$1,193,223
272,601,385 SIDUS","9,356,868,845 SIDUS",,https://coinmarketcap.com/currencies/sidus/
,618,DecideAI,DCD,$0.07957,0.43%,6.64%,17.74%,"$38,881,677","$345,513
4,326,771 DCD","488,677,471 DCD",,https://coinmarketcap.com/currencies/decideai/
,621,Cortex,CTXC,$0.1737,0.40%,2.26%,9.92%,"$38,914,471","$3,428,380
19,771,332 CTXC","224,001,207 CTXC",,https://coinmarketcap.com/currencies/cortex/
,632,Verasity,VRA,$0.003687,0.75%,0.94%,17.39%,"$36,612,165","$9,918,102
2,688,554,739 VRA","9,930,514,635 VRA",,https://coinmarketcap.com/currencies/verasity/
,637,Zero1 Labs,DEAI,$0.3945,1.26%,14.18%,148.79%,"$35,986,071","$3,668,534
9,238,174 DEAI","91,221,244 DEAI",,https://coinmarketcap.com/currencies/zero1-labs/
,638,VIDT DAO,VIDT,$0.04305,0.66%,3.83%,0.30%,"$36,035,512","$3,796,867
87,993,871 VIDT","837,071,066 VIDT",,https://coinmarketcap.com/currencies/vidt-dao/
,645,Victoria VR,VR,$0.006655,1.19%,5.10%,4.41%,"$35,512,513","$4,320,771
655,552,958 VR","5,336,247,368 VR",,https://coinmarketcap.com/currencies/victoria-vr/
,655,Commune AI,COMAI,$0.3405,0.17%,31.62%,137.29%,"$34,300,854","$424,172
1,252,484 COMAI","100,735,860 COMAI",,https://coinmarketcap.com/currencies/commune-ai/
,667,Measurable Data Token,MDT,$0.04805,0.43%,1.14%,21.48%,"$32,490,812","$4,621,383
96,089,324 MDT","676,157,013 MDT",,https://coinmarketcap.com/currencies/measurable-data-token/
,669,AIT Protocol,AIT,$0.1314,3.32%,0.42%,82.92%,"$31,786,083","$2,985,914
22,359,272 AIT","241,915,781 AIT",,https://coinmarketcap.com/currencies/ait-protocol/
,670,LinqAI,LNQ,$0.1703,2.29%,0.85%,24.17%,"$32,609,907","$2,381,176
14,131,325 LNQ","191,434,059 LNQ",,https://coinmarketcap.com/currencies/linqai/
,674,Numbers Protocol,NUM,$0.04712,0.18%,2.43%,18.80%,"$31,877,473","$438,135
9,297,288 NUM","676,474,220 NUM",,https://coinmarketcap.com/currencies/numbers-protocol/
,678,Sentinel Protocol,UPP,$0.06346,0.27%,6.55%,16.67%,"$31,593,833","$11,337,145
178,954,855 UPP","497,834,800 UPP",,https://coinmarketcap.com/currencies/sentinel-protocol/
,679,SelfKey,KEY,$0.005239,0.15%,1.04%,12.31%,"$31,435,969","$3,060,053
582,883,126 KEY","5,999,999,954 KEY",,https://coinmarketcap.com/currencies/selfkey/
,687,Graphlinq Chain,GLQ,$0.08923,2.06%,2.50%,55.48%,"$30,336,804","$1,554,220
17,460,647 GLQ","339,999,895 GLQ",,https://coinmarketcap.com/currencies/graphlinq-protocol/
,690,VAIOT,VAI,$0.08678,0.79%,8.21%,14.58%,"$29,918,366","$741,320
8,506,087 VAI","344,751,032 VAI",,https://coinmarketcap.com/currencies/vaiot/
,718,GT Protocol,GTAI,$0.7542,3.78%,20.66%,68.27%,"$27,346,628","$7,174,260
9,487,489 GTAI","36,258,135 GTAI",,https://coinmarketcap.com/currencies/gt-protocol/
,729,PARSIQ,PRQ,$0.1001,0.14%,0.24%,6.23%,"$26,046,880","$1,282,122
12,823,056 PRQ","260,256,872 PRQ",,https://coinmarketcap.com/currencies/parsiq/
,748,SingularityDAO,SDAO,$0.2949,0.19%,1.95%,4.71%,"$24,398,426","$341,660
1,157,244 SDAO","82,733,204 SDAO",,https://coinmarketcap.com/currencies/singularitydao/
,758,Hacken Token,HAI,$0.03652,0.01%,0.56%,22.63%,"$23,553,415","$228,608
6,264,656 HAI","644,984,745 HAI",,https://coinmarketcap.com/currencies/hackenai/
,786,SPECTRE AI,SPECTRE,$2.31,1.12%,3.40%,57.40%,"$21,020,083","$130,073
56,274 SPECTRE","9,093,998 SPECTRE",,https://coinmarketcap.com/currencies/spectre-ai/
,787,OORT,OORT,$0.09879,0.01%,8.33%,14.25%,"$20,979,012","$1,170,521
11,847,467 OORT","212,359,971 OORT",,https://coinmarketcap.com/currencies/oortech/
,798,Cere Network,CERE,$0.00287,2.20%,1.11%,11.12%,"$19,917,824","$355,128
123,521,202 CERE","6,939,923,952 CERE",,https://coinmarketcap.com/currencies/cere-network/
,799,zKML,ZKML,$0.2133,0.05%,9.90%,30.67%,"$19,915,501","$203,129
952,727 ZKML","93,376,600 ZKML",,https://coinmarketcap.com/currencies/zkml/
,845,Vectorspace AI,VXV,$0.35,1.28%,1.22%,13.48%,"$17,330,387","$68,090
193,719 VXV","49,517,054 VXV",,https://coinmarketcap.com/currencies/vectorspace-ai/
,844,Botto,BOTTO,$0.3636,0.05%,11.37%,15.11%,"$17,332,612","$226,632
623,330 BOTTO","47,666,809 BOTTO",,https://coinmarketcap.com/currencies/botto/
,856,Only1,LIKE,$0.05048,0.54%,2.90%,11.20%,"$16,716,038","$786,147
15,574,081 LIKE","331,159,918 LIKE",,https://coinmarketcap.com/currencies/only1/
,861,NuNet,NTX,$0.03265,1.23%,1.36%,13.12%,"$16,460,392","$69,118
2,120,766 NTX","504,084,665 NTX",,https://coinmarketcap.com/currencies/nunet/
,887,QnA3.AI,GPT,$0.09956,0.06%,0.97%,19.35%,"$15,307,342","$1,503,607
15,147,597 GPT","153,749,940 GPT",,https://coinmarketcap.com/currencies/qna3ai/
,899,Volt Inu,VOLT,$0.062698,0.73%,1.94%,16.89%,"$14,778,476","$78,874
290,858,982,534 VOLT","54,766,287,142,827 VOLT",,https://coinmarketcap.com/currencies/volt-inu-v2/
,901,Gaimin,GMRX,$0.0009326,0.73%,3.00%,2.93%,"$14,661,588","$111,404
119,399,709 GMRX","15,720,576,054 GMRX",,https://coinmarketcap.com/currencies/gaimin/
,905,Openfabric AI,OFN,$0.1399,2.51%,32.64%,54.19%,"$14,699,831","$839,621
6,019,940 OFN","105,058,660 OFN",,https://coinmarketcap.com/currencies/openfabric-ai/
,914,Apeiron,APRS,$0.1627,0.09%,3.00%,9.12%,"$14,259,601","$4,316,571
26,673,806 APRS","87,630,814 APRS",,https://coinmarketcap.com/currencies/apeiron/
,921,HyperGPT,HGPT,$0.02373,1.47%,11.23%,22.58%,"$13,850,790","$2,296,870
96,587,854 HGPT","583,625,238 HGPT",,https://coinmarketcap.com/currencies/hypergpt/
,931,Lumerin,LMR,$0.02191,0.77%,11.15%,18.09%,"$13,293,564","$205,871
9,391,775 LMR","606,615,000 LMR",,https://coinmarketcap.com/currencies/lumerin/
,933,iMe Lab,LIME,$0.03101,0.26%,1.14%,12.00%,"$13,420,232","$4,530,919
147,663,478 LIME","432,774,153 LIME",,https://coinmarketcap.com/currencies/ime-lab/
,948,DeepBrain Chain,DBC,$0.002341,1.58%,1.57%,15.45%,"$12,707,683","$152,507
65,134,314 DBC","5,428,952,299 DBC",,https://coinmarketcap.com/currencies/deepbrain-chain/
,951,Ooki Protocol,OOKI,$0.001445,0.11%,4.64%,13.32%,"$12,684,544","$5,589,045
3,867,539,578 OOKI","8,777,524,502 OOKI",,https://coinmarketcap.com/currencies/ooki-protocol/
,978,Three Protocol Token,THREE,$0.1399,0.85%,5.68%,37.90%,"$11,894,082","$522,468
3,733,769 THREE","85,000,000 THREE",,https://coinmarketcap.com/currencies/three-protocol-token/
,1002,HotKeySwap,HOTKEY,$0.2658,0.04%,7.11%,37.39%,"$11,329,332","$129,242
486,258 HOTKEY","42,625,226 HOTKEY",,https://coinmarketcap.com/currencies/hotkeyswap/
,1006,GameGPT,DUEL,$0.003782,1.26%,8.82%,25.58%,"$11,174,146","$1,487,201
393,258,483 DUEL","2,954,764,892 DUEL",,https://coinmarketcap.com/currencies/duel/
,1007,Atlas Navi,NAVI,$0.1179,1.36%,1.51%,5.96%,"$11,164,216","$124,561
1,056,668 NAVI","94,707,592 NAVI",,https://coinmarketcap.com/currencies/atlas-navi/
,1029,Matrix AI Network,MAN,$0.02299,0.11%,6.41%,28.56%,"$10,356,844","$471,521
20,513,176 MAN","450,566,510 MAN",,https://coinmarketcap.com/currencies/matrix-ai-network/
,1038,DexCheck AI,DCK,$0.02963,3.28%,11.48%,23.03%,"$10,058,243","$1,219,784
41,162,444 DCK","339,422,186 DCK",,https://coinmarketcap.com/currencies/dexcheck/
,1073,Nuco.cloud,NCDT,$0.2721,2.77%,8.93%,45.76%,"$9,004,524","$273,657
1,005,680 NCDT","33,091,343 NCDT",,https://coinmarketcap.com/currencies/nuco-cloud/
,1095,Step App,FITFI,$0.00331,0.98%,1.30%,14.07%,"$8,374,874","$2,536,133
766,150,963 FITFI","2,530,000,000 FITFI",,https://coinmarketcap.com/currencies/step-app/
,1107,Big Data Protocol,BDP,$0.156,2.47%,7.57%,35.94%,"$8,154,849","$173,584
1,112,806 BDP","52,278,856 BDP",,https://coinmarketcap.com/currencies/big-data-protocol/
,1114,Synesis One,SNS,$0.01769,5.87%,20.78%,67.41%,"$8,069,500","$1,330,675
75,236,902 SNS","456,252,758 SNS",,https://coinmarketcap.com/currencies/synesis-one/
,1129,TRVL,TRVL,$0.02365,2.63%,7.74%,3.49%,"$7,835,004","$235,859
9,971,413 TRVL","331,240,882 TRVL",,https://coinmarketcap.com/currencies/trvl/
,1139,bitsCrunch,BCUT,$0.02735,0.17%,3.69%,14.14%,"$7,631,666","$539,399
19,720,714 BCUT","279,086,855 BCUT",,https://coinmarketcap.com/currencies/bitscrunch/
,1164,Ta-da,TADA,$0.03112,0.07%,4.77%,3.67%,"$7,108,456","$133,788
4,298,647 TADA","228,397,204 TADA",,https://coinmarketcap.com/currencies/ta-da/
,1165,AIPAD,AIPAD,$0.06203,0.01%,3.32%,26.88%,"$7,066,822","$645,211
10,400,887 AIPAD","113,918,167 AIPAD",,https://coinmarketcap.com/currencies/aipad/
,1175,Phantasma,SOUL,$0.05559,0.43%,0.62%,3.42%,"$6,900,855","$432,781
7,784,657 SOUL","124,129,198 SOUL",,https://coinmarketcap.com/currencies/phantasma/
,1204,PIBBLE,PIB,$0.000289,1.70%,3.66%,3.72%,"$6,330,003","$1,364,772
4,721,592,002 PIB","21,900,500,893 PIB",,https://coinmarketcap.com/currencies/pibble/
,1217,Robonomics.network,XRT,$3.66,1.25%,1.86%,47.78%,"$6,113,039","$47,687
13,029 XRT","1,670,176 XRT",,https://coinmarketcap.com/currencies/robonomics-network/
,1231,Netvrk,NETVR,$0.06657,0.42%,1.84%,6.17%,"$5,908,099","$223,952
3,364,016 NETVR","88,754,833 NETVR",,https://coinmarketcap.com/currencies/netvrk/
,1232,SENATE,SENATE,$0.04943,2.65%,7.89%,52.97%,"$5,895,653","$44,575
901,727 SENATE","119,266,568 SENATE",,https://coinmarketcap.com/currencies/senate/
,1233,Swash,SWASH,$0.005941,2.16%,1.95%,9.10%,"$5,885,545","$32,671
5,499,037 SWASH","990,618,673 SWASH",,https://coinmarketcap.com/currencies/swash/
,1248,Optimus AI,OPTI,$0.05993,0.44%,4.55%,2.16%,"$5,695,584","$96,431
1,609,026 OPTI","95,034,939 OPTI",,https://coinmarketcap.com/currencies/optimus-ai/
,1261,imgnAI,IMGNAI,$0.007043,0.55%,9.17%,35.83%,"$5,471,085","$377,524
53,604,160 IMGNAI","776,833,333 IMGNAI",,https://coinmarketcap.com/currencies/image-generation-ai/
,1264,Bad Idea AI,BAD,$0.071027,0.14%,0.52%,6.17%,"$5,382,980","$4,153,977
404,274,137,953,520 BAD","523,935,084,946,765 BAD",,https://coinmarketcap.com/currencies/bad-idea-ai/
,1270,Effect AI,EFX,$0.02111,4.45%,13.30%,166.52%,"$5,322,440","$299,048
14,454,537 EFX","252,168,527 EFX",,https://coinmarketcap.com/currencies/effect-ai/
,1318,Omax Coin,OMAX,$0.0005169,0.04%,0.11%,7.44%,"$4,480,343","$635,558
1,228,749,567 OMAX","8,667,996,990 OMAX",,https://coinmarketcap.com/currencies/omax-token/
,1347,TypeAI,TYPE,$0.4289,0.00%,1.08%,19.81%,"$4,074,357","$25,592
59,671 TYPE","9,500,000 TYPE",,https://coinmarketcap.com/currencies/typeai/
,1366,Lossless,LSS,$0.06834,0.41%,3.26%,20.26%,"$3,797,738","$98,411
1,440,052 LSS","55,572,672 LSS",,https://coinmarketcap.com/currencies/lossless/
,1374,Covalent,CQT,$0.004377,2.83%,2.46%,3.56%,"$3,747,488","$25,070
5,726,803 CQT","856,175,826 CQT",,https://coinmarketcap.com/currencies/covalent/
,1375,UnMarshal,MARSH,$0.06706,0.04%,0.91%,0.40%,"$3,740,722","$374,927
5,584,843 MARSH","55,784,310 MARSH",,https://coinmarketcap.com/currencies/unmarshal/
,1392,Presearch,PRE,$0.009112,0.18%,4.81%,1.06%,"$3,613,606","$60,421
6,627,423 PRE","396,578,435 PRE",,https://coinmarketcap.com/currencies/presearch/
,1398,Cogito Finance,CGV,$0.03687,1.75%,1.95%,22.78%,"$3,568,543","$106,456
2,884,803 CGV","96,787,938 CGV",,https://coinmarketcap.com/currencies/cogito-protocol/
,1413,Edge Matrix Computing,EMC,$0.1134,1.56%,6.19%,4.70%,"$3,402,772","$223,257
1,971,515 EMC","30,006,982 EMC",,https://coinmarketcap.com/currencies/edge-matrix-computing/
,1455,Ispolink,ISP,$0.001087,0.67%,4.11%,36.00%,"$2,995,522","$508,498
467,205,643 ISP","2,756,425,785 ISP",,https://coinmarketcap.com/currencies/ispolink/
,1458,Bridge Oracle,BRG,$0.0003691,0.04%,1.37%,23.66%,"$2,953,988","$3,137,194
8,529,996,102 BRG","8,002,167,205 BRG",,https://coinmarketcap.com/currencies/bridge-oracle/
,1470,Lambda,LAMB,$0.00168,0.12%,0.47%,8.99%,"$2,766,460","$2,212,714
1,318,585,522 LAMB","1,646,414,198 LAMB",,https://coinmarketcap.com/currencies/lambda/
,1479,PolkaBridge,PBR,$0.03575,0.02%,1.25%,20.49%,"$2,682,382","$167,068
4,658,913 PBR","75,040,488 PBR",,https://coinmarketcap.com/currencies/polkabridge/
,1484,Mozaic,MOZ,$0.01715,0.13%,10.03%,4.89%,"$2,643,117","$52,809
3,079,305 MOZ","154,121,130 MOZ",,https://coinmarketcap.com/currencies/mozaic/
,1499,B-cube.ai,BCUBE,$0.09371,0.00%,0.97%,55.57%,"$2,506,483","$1,643
17,530 BCUBE","26,746,821 BCUBE",,https://coinmarketcap.com/currencies/b-cube-ai/
,1509,Morpheus Infrastructure Node,MIND,$0.001795,0.66%,2.50%,1.79%,"$2,452,376","$66,829
37,057,442 MIND","1,366,201,800 MIND",,https://coinmarketcap.com/currencies/morpheus-labs-v2/
,1517,AXIS Token,AXIS,$0.007514,0.08%,1.10%,5.16%,"$2,406,886","$235
31,283 AXIS","320,303,188 AXIS",,https://coinmarketcap.com/currencies/axis-token/
,1551,ROOBEE,ROOBEE,$0.0005197,0.35%,3.52%,11.05%,"$2,131,644","$186,537
358,945,231 ROOBEE","4,102,063,740 ROOBEE",,https://coinmarketcap.com/currencies/roobee/
,1572,ClinTex CTi,CTI,$0.01613,2.82%,5.21%,1.61%,"$2,007,482","$154,367
9,583,415 CTI","124,445,175 CTI",,https://coinmarketcap.com/currencies/clintex-cti/
,1580,Chirpley,CHRP,$0.004769,0.09%,6.77%,13.08%,"$1,969,585","$308,292
64,729,805 CHRP","413,029,583 CHRP",,https://coinmarketcap.com/currencies/chirpley/
,1582,Neurahub,NEURA,$0.02379,1.20%,25.50%,30.22%,"$1,958,979","$24,068
1,011,657 NEURA","82,343,569 NEURA",,https://coinmarketcap.com/currencies/neurahub/
,1586,PureFi Protocol,UFI,$0.03263,0.46%,0.67%,19.13%,"$1,906,307","$1,708
52,333 UFI","58,422,831 UFI",,https://coinmarketcap.com/currencies/purefi-protocol/
,1615,Dock,DOCK,$0.001942,0.02%,1.69%,4.65%,"$1,702,339","$52,734
27,062,167 DOCK","876,417,166 DOCK",,https://coinmarketcap.com/currencies/dock/
,1622,MBD Financials,MBD,$0.0000641,0.90%,4.33%,11.01%,"$1,680,827","$81,349
1,268,517,952 MBD","26,223,242,792 MBD",,https://coinmarketcap.com/currencies/mbd-financials/
,1637,DxChain Token,DX,$0.00003207,0.11%,0.32%,6.48%,"$1,603,317","$2,253
70,198,806 DX","50,000,000,000 DX",,https://coinmarketcap.com/currencies/dxchain-token/
,1644,Crypto-AI-Robo.com,CAIR,$0.001784,4.50%,43.19%,78.27%,"$1,531,464","$37,295
20,901,864 CAIR","858,632,919 CAIR",,https://coinmarketcap.com/currencies/crypto-ai-robo/
,1654,Deri Protocol,DERI,$0.01192,0.20%,1.05%,4.95%,"$1,486,277","$7,460
625,447 DERI","124,695,829 DERI",,https://coinmarketcap.com/currencies/deri-protocol/
,1664,Dotmoovs,MOOV,$0.001999,1.03%,6.20%,13.77%,"$1,461,301","$649,809
325,287,713 MOOV","731,180,094 MOOV",,https://coinmarketcap.com/currencies/dotmoovs/
,1689,WAM,WAM,$0.002826,0.40%,2.49%,0.91%,"$1,313,266","$133,800
47,369,745 WAM","464,780,364 WAM",,https://coinmarketcap.com/currencies/wam-app/
,1692,LBRY Credits,LBC,$0.002,0.00%,2.87%,5.18%,"$1,308,510","$517
258,590 LBC","654,237,215 LBC",,https://coinmarketcap.com/currencies/library-credits/
,1702,GNY,GNY,$0.006538,0.25%,6.35%,10.26%,"$1,257,793","$42,247
6,457,666 GNY","192,376,657 GNY",,https://coinmarketcap.com/currencies/gny/
,1730,TrustVerse,TRV,$0.001162,0.02%,1.32%,1.45%,"$1,161,718","$11,226
9,665,862 TRV","1,000,000,000 TRV",,https://coinmarketcap.com/currencies/trustverse/
,1806,Uno Re,UNO,$0.01147,1.10%,2.35%,4.65%,"$897,469","$143,102
12,434,138 UNO","78,242,153 UNO",,https://coinmarketcap.com/currencies/unore/
,1812,ApeBond,ABOND,$0.006114,1.19%,0.62%,1.18%,"$882,155","$50,922
8,313,138 ABOND","144,282,792 ABOND",,https://coinmarketcap.com/currencies/apebond/
,1830,GoCrypto Token,GOC,$0.00332,0.02%,3.76%,3.80%,"$814,356","$55,512
16,720,111 GOC","245,278,438 GOC",,https://coinmarketcap.com/currencies/gocrypto-token/
,1830,GoCrypto Token,GOC,$0.00332,0.02%,3.76%,3.80%,"$814,356","$55,512
16,720,111 GOC","245,278,438 GOC",,https://coinmarketcap.com/currencies/gocrypto-token/
,1838,Lithium,LITH,$0.0001522,0.74%,6.33%,16.27%,"$797,626","$272,581
1,790,991,611 LITH","5,242,220,240 LITH",,https://coinmarketcap.com/currencies/lithium/
,1851,TRAVA.FINANCE,TRAVA,$0.0002064,0.03%,4.23%,5.29%,"$758,222","$102,825
498,428,247 TRAVA","3,673,801,045 TRAVA",,https://coinmarketcap.com/currencies/trava-finance/
,1881,XMON,XMON,$464.57,0.00%,2.47%,0.05%,"$694,498","$3,546
8 XMON","1,495 XMON",,https://coinmarketcap.com/currencies/xmon/
,1895,Idena,IDNA,$0.009474,0.25%,2.52%,24.48%,"$661,232","$1,614
170,350 IDNA","69,791,561 IDNA",,https://coinmarketcap.com/currencies/idena/
,1938,aiRight,AIRI,$0.002218,0.42%,1.84%,19.08%,"$568,402","$55,808
25,108,378 AIRI","256,262,565 AIRI",,https://coinmarketcap.com/currencies/airight/
,1984,Aimedis (new),AIMX,$0.001495,0.04%,7.65%,7.25%,"$497,950","$35,240
23,510,591 AIMX","333,000,000 AIMX",,https://coinmarketcap.com/currencies/aimedis-new/
,1990,Cirus Foundation,CIRUS,$0.007908,0.23%,0.36%,2.14%,"$494,965","$88,791
11,226,851 CIRUS","62,590,209 CIRUS",,https://coinmarketcap.com/currencies/cirus-foundation/
,2011,Metaverse Face,MEFA,$0.00004879,0.70%,0.36%,7.94%,"$464,279","$4,544
93,166,666 MEFA","9,515,523,108 MEFA",,https://coinmarketcap.com/currencies/metaverse-face/
,2041,Bird.Money,BIRD,$4.38,0.03%,0.23%,28.26%,"$415,468","$3,270
747 BIRD","94,942 BIRD",,https://coinmarketcap.com/currencies/bird-money/
,2044,Neurashi,NEI,$0.005113,0.04%,1.06%,0.81%,"$412,697","$209,137
40,884,753 NEI","80,719,906 NEI",,https://coinmarketcap.com/currencies/neurashi/
,2054,AIgentX,AIX,$0.005696,0.14%,43.57%,79.82%,"$396,260","$86,239
15,137,870 AIX","69,564,829 AIX",,https://coinmarketcap.com/currencies/aigentx/
,2071,Gemach,GMAC,$0.0007326,0.00%,0.00%,9.70%,"$366,279",,"500,000,000 GMAC",,https://coinmarketcap.com/currencies/gemach/
,2114,All In,ALLIN,$0.3083,0.51%,6.23%,1.63%,"$293,378","$43,957
142,538 ALLIN","951,588 ALLIN",,https://coinmarketcap.com/currencies/all-in/
,2117,Artisse,CATHEON,$0.000302,2.87%,0.91%,1.62%,"$292,456","$3,815
12,649,327 CATHEON","968,534,281 CATHEON",,https://coinmarketcap.com/currencies/catheon-gaming/
,2131,OceanEx Token,OCE,$0.00015,0.02%,0.01%,76.42%,"$268,213",,"1,788,038,022 OCE",,https://coinmarketcap.com/currencies/oceanex-token/
,2138,BullBear AI,AIBB,$0.091297,2.06%,5.02%,13.31%,"$265,394","$3,805
29,524,395,383,649 AIBB","2,045,833,899,998,990 AIBB",,https://coinmarketcap.com/currencies/bullbear-ai/
,2192,Ojamu,OJA,$0.002158,0.00%,5.55%,0.66%,"$215,762","$828
383,897 OJA","99,996,080 OJA",,https://coinmarketcap.com/currencies/ojamu/
,2213,Arcona,ARCONA,$0.01289,0.01%,12.14%,0.37%,"$197,674","$6,749
523,559 ARCONA","15,335,470 ARCONA",,https://coinmarketcap.com/currencies/arcona/
,2243,MetamonkeyAi,MMAI,$0.00002847,0.15%,0.68%,6.11%,"$173,629","$27,268
955,654,599 MMAI","6,099,376,989 MMAI",,https://coinmarketcap.com/currencies/metamonkeyai/
,2292,Raze Network,RAZE,$0.001193,10.86%,4.57%,2.67%,"$141,648","$1,346
1,127,615 RAZE","118,690,910 RAZE",,https://coinmarketcap.com/currencies/raze-network/
,2337,YFDAI.FINANCE,YF-DAI,$27.27,0.34%,0.16%,0.04%,"$108,687","$3,952
145 YF-DAI","3,986 YF-DAI",,https://coinmarketcap.com/currencies/yfdai-finance/
,2458,Pawtocol,UPI,$0.0001799,0.05%,3.33%,10.00%,"$46,393","$5,399
29,943,636 UPI","257,924,377 UPI",,https://coinmarketcap.com/currencies/pawtocol/
,2495,Ubex,UBEX,$0.00001048,0.10%,4.56%,10.45%,"$34,641","$64
6,080,385 UBEX","3,306,258,739 UBEX",,https://coinmarketcap.com/currencies/ubex/
,2612,Connectome,CNTM,$0.004238,14.54%,171.01%,160.28%,"$5,131","$47,838
11,287,503 CNTM","1,210,675 CNTM",,https://coinmarketcap.com/currencies/connectome/
,2677,Spectral,SPEC,$9.30,0.05%,2.14%,71.79%,"$96,076,000","$15,352,178
1,652,111 SPEC","10,339,135 SPEC",,https://coinmarketcap.com/currencies/spectral/
,2726,Altered State Token,ASTO,$0.01287,0.31%,1.50%,29.07%,"$6,735,683","$4,197,145
325,943,446 ASTO","523,082,169 ASTO",,https://coinmarketcap.com/currencies/altered-state-token/
,2740,LayerAI,LAI,$0.02255,0.17%,0.55%,57.63%,"$53,621,439","$3,589,223
158,705,926 LAI","2,370,997,728 LAI",,https://coinmarketcap.com/currencies/cryptogpt/
,2755,Autonolas,OLAS,$1.53,0.81%,12.40%,81.58%,"$70,258,430","$2,879,501
1,880,791 OLAS","45,890,394 OLAS",,https://coinmarketcap.com/currencies/autonolas/
,2808,Ocean Protocol,OCEAN,$0.7376,0.70%,2.96%,25.76%,"$464,781,399","$1,731,054
2,343,382 OCEAN","629,189,183 OCEAN",,https://coinmarketcap.com/currencies/ocean-protocol/
,2824,Ozone Metaverse,OZONE,$0.0008976,5.03%,3.50%,7.01%,"$687,236","$1,516,001
1,688,890,103 OZONE","765,610,105 OZONE",,https://coinmarketcap.com/currencies/ozone-metaverse/
,2869,DarkShield Games Studio,DKS,$0.0000978,0.50%,4.12%,2.47%,"$104,965","$1,078,291
11,024,919,111 DKS","1,073,204,810 DKS",,https://coinmarketcap.com/currencies/darkshield/
,2892,ThoreCoin,THR,$140.21,0.00%,0.05%,0.16%,"$12,154,433","$979,385
6,985 THR","86,686 THR",,https://coinmarketcap.com/currencies/thorecoin/
,2902,Trias Token (New),TRIAS,$5.56,1.28%,1.78%,28.57%,"$55,661,819","$934,182
167,832 TRIAS","10,000,000 TRIAS",,https://coinmarketcap.com/currencies/trias-token/
,2920,enqAI,enqAI,$0.02424,0.49%,4.71%,167.41%,"$24,159,454","$845,134
34,981,521 ENQAI","1,000,000,000 enqAI",,https://coinmarketcap.com/currencies/noisegpt/
,2942,Dtec,DTEC,$0.0999,12.15%,13.75%,27.32%,"$1,224,625","$729,557
7,305,519 DTEC","12,262,949 DTEC",,https://coinmarketcap.com/currencies/dtec-token/
,2992,XANA,XETA,$0.002108,0.07%,3.50%,5.87%,"$5,997,280","$601,124
285,182,680 XETA","2,845,201,909 XETA",,https://coinmarketcap.com/currencies/xana-new/
,3021,SingularityNET,AGIX,$0.74,1.33%,3.81%,27.09%,"$898,324,981","$528,446
712,559 AGIX","1,211,306,169 AGIX",,https://coinmarketcap.com/currencies/singularitynet/
,3049,Arbius,AIUS,$45.05,0.46%,13.10%,54.07%,"$7,474,208","$479,254
10,657 AIUS","166,204 AIUS",,https://coinmarketcap.com/currencies/arbius/
,3098,Mind,MND,$0.0538,9.62%,24.91%,40.84%,"$4,303,722","$382,660
7,113,098 MND","80,000,000 MND",,https://coinmarketcap.com/currencies/mind/
,3251,Work X,WORK,$0.1357,2.18%,13.27%,42.57%,"$2,567,130","$247,540
1,823,427 WORK","18,909,998 WORK",,https://coinmarketcap.com/currencies/work-x/
,3263,Grow Token,GROW,$0.3791,0.59%,10.93%,16.93%,"$3,790,874","$238,701
629,673 GROW","10,000,000 GROW",,https://coinmarketcap.com/currencies/grow-token/
,3274,CorgiAI,CORGIAI,$0.0008795,0.13%,0.91%,14.97%,"$302,236,076","$232,167
263,887,455 CORGIAI","343,529,984,547 CORGIAI",,https://coinmarketcap.com/currencies/corgiai/
,3283,NeuralAI,NEURAL,$4.91,1.48%,1.39%,37.94%,"$49,110,120","$228,037
46,434 NEURAL","10,000,000 NEURAL",,https://coinmarketcap.com/currencies/neuralai/
,3322,Octavia AI,VIA,$0.06384,0.14%,4.83%,13.15%,"$556,462","$200,844
3,158,139 VIA","8,750,000 VIA",,https://coinmarketcap.com/currencies/octavia/
,3367,Eternal AI,EAI,$0.009749,0.82%,5.11%,17.61%,"$779,932","$180,560
18,520,599 EAI","80,000,000 EAI",,https://coinmarketcap.com/currencies/eternalai-org/
,3539,infraX,INFRA,$8.20,0.32%,10.50%,12.26%,"$8,204,144","$126,952
15,474 INFRA","1,000,000 INFRA",,https://coinmarketcap.com/currencies/infrax/
,3554,AI Network,AIN,$0.00992,0.06%,1.25%,3.54%,"$2,527,890","$124,466
12,546,957 AIN","254,826,635 AIN",,https://coinmarketcap.com/currencies/ai-network/
,3595,DeepFakeAI,FAKEAI,$0.00903,1.13%,3.42%,119.32%,"$8,623,122","$114,176
12,643,604 FAKEAI","954,907,650 FAKEAI",,https://coinmarketcap.com/currencies/deepfakeai/
,3659,BilliCat,BCAT,$0.003122,0.01%,0.65%,15.97%,"$312,244","$101,286
32,438,207 BCAT","100,000,000 BCAT",,https://coinmarketcap.com/currencies/polymoon/
,3704,Metafluence,METO,$0.0002908,0.63%,4.57%,1.38%,"$524,969","$94,347
324,449,196 METO","1,805,308,983 METO",,https://coinmarketcap.com/currencies/metafluence/
,3709,Y8U,Y8U,$0.01185,0.01%,1.28%,10.18%,"$291,009","$92,988
7,844,626 Y8U","24,550,000 Y8U",,https://coinmarketcap.com/currencies/y8u/
,3832,EpiK Protocol,AIEPK,$0.004226,1.43%,5.54%,24.89%,"$1,690,350","$72,608
17,181,699 AIEPK","400,000,000 AIEPK",,https://coinmarketcap.com/currencies/epik-protocol/
,3884,Roko,ROKO,$0.00003423,2.04%,13.21%,100.02%,"$6,700,619","$65,581
1,915,701,926 ROKO","195,732,940,071 ROKO",,https://coinmarketcap.com/currencies/roko/
,4008,Aventis Metaverse,AVTM,$0.0002105,0.00%,12.78%,9.22%,"$40,853","$51,520
244,762,533 AVTM","194,088,542 AVTM",,https://coinmarketcap.com/currencies/aventis-metaverse/
,4050,Tradetomato,TTM,$0.007119,0.15%,0.04%,6.83%,"$450,024","$45,742
6,424,764 TTM","63,208,516 TTM",,https://coinmarketcap.com/currencies/tradetomato/
,4105,Jackal Protocol,JKL,$0.1788,0.27%,10.17%,19.45%,"$13,137,549","$40,291
225,337 JKL","73,474,865 JKL",,https://coinmarketcap.com/currencies/jackal-protocol/
,4108,PaladinAI,PALAI,$0.02861,0.60%,16.70%,29.16%,"$2,861,358","$39,866
1,393,253 PALAI","100,000,000 PALAI",,https://coinmarketcap.com/currencies/paladinai/
,4114,AI PIN,AI,$0.02174,0.88%,7.06%,26.52%,"$874,346","$39,507
1,830,200 AI","40,504,778 AI",,https://coinmarketcap.com/currencies/ai-pin/
,4362,Ring AI,RING,$0.0397,0.14%,4.45%,0.98%,"$3,969,762","$22,424
564,865 RING","100,000,000 RING",,https://coinmarketcap.com/currencies/ring-ai/
,4417,AstraAI,ASTRA,$1.22,1.12%,5.66%,35.88%,"$12,175,073","$20,346
16,711 ASTRA","10,000,000 ASTRA",,https://coinmarketcap.com/currencies/astraai/
,4433,MOROS NET,MOROS,$0.0009364,0.28%,16.03%,40.51%,"$936,428","$19,168
20,469,188 MOROS","1,000,000,000 MOROS",,https://coinmarketcap.com/currencies/moros-net/
,4731,AlphaScan AI,ASCN,$0.0218,0.47%,0.61%,2.99%,"$317,225","$9,633
440,930 ASCN","14,520,000 ASCN",,https://coinmarketcap.com/currencies/alphascan/
,4753,Human,HMT,$0.03586,0.43%,2.42%,7.99%,"$8,266,415","$9,149
255,173 HMT","230,553,677 HMT",,https://coinmarketcap.com/currencies/human/
,4962,Next Gem AI,GEMAI,$0.001677,1.17%,2.52%,9.25%,"$287,315","$5,844
3,483,976 GEMAI","171,275,000 GEMAI",,https://coinmarketcap.com/currencies/the-next-gem/
,4976,2DAI.io,2DAI,$0.001775,0.00%,2.80%,55.87%,"$1,774,956","$5,639
3,177,245 2DAI","1,000,000,000 2DAI",,https://coinmarketcap.com/currencies/2dai-io/
,5100,AlphaKEK.AI,AIKEK,$0.004921,0.00%,6.80%,35.82%,"$1,130,712","$4,517
917,933 AIKEK","229,757,533 AIKEK",,https://coinmarketcap.com/currencies/alphakek-ai/
,5101,The Winkyverse,WNK,$0.000291,0.88%,1.20%,1.62%,"$1,579,362","$4,501
15,467,719 WNK","5,427,211,701 WNK",,https://coinmarketcap.com/currencies/the-winkyverse/
,5154,Lavita AI,LAVITA,$0.005946,0.24%,0.29%,2.71%,"$10,523,504","$4,072
684,897 LAVITA","1,769,822,115 LAVITA",,https://coinmarketcap.com/currencies/lavita-ai/
,5212,Zus,ZCN,$0.04829,0.02%,6.70%,0.47%,"$5,553,507","$3,716
76,950 ZCN","115,000,000 ZCN",,https://coinmarketcap.com/currencies/0chain/
,5328,Flourishing AI,AI,$0.04432,0.00%,3.67%,11.82%,"$1,617,574","$2,839
64,070 AI","36,498,847 AI",,https://coinmarketcap.com/currencies/flourishing-ai/
,5341,Liza,LIZA,$0.000676,0.00%,4.99%,32.68%,"$515,795","$2,769
4,095,966 LIZA","762,964,046 LIZA",,https://coinmarketcap.com/currencies/liza/
,5415,Hera Finance,HERA,$1.32,0.00%,1.90%,1.14%,"$5,593,699","$2,321
1,758 HERA","4,238,000 HERA",,https://coinmarketcap.com/currencies/hera-finance/
,5440,AimBot AI,AIMBOT,$1.14,0.00%,1.78%,114.32%,"$1,139,803","$2,222
1,949 AIMBOT","1,000,000 AIMBOT",,https://coinmarketcap.com/currencies/aimbot/
,5495,VirtuSwap,VRSW,$0.0007069,0.69%,1.30%,3.15%,"$260,824","$2,008
2,840,944 VRSW","368,949,787 VRSW",,https://coinmarketcap.com/currencies/virtuswap/
,5540,Resistor AI,TOR,$0.00008259,0.00%,12.19%,33.06%,"$71,028","$1,788
21,648,462 TOR","860,000,000 TOR",,https://coinmarketcap.com/currencies/resistor-ai/
,5540,Resistor AI,TOR,$0.00008259,0.00%,12.19%,33.06%,"$71,028","$1,788
21,648,462 TOR","860,000,000 TOR",,https://coinmarketcap.com/currencies/resistor-ai/
,5580,Neuroni AI,NEURONI,$0.2369,2.00%,2.73%,24.22%,"$2,013,705","$1,621
6,841 NEURONI","8,499,000 NEURONI",,https://coinmarketcap.com/currencies/neuroni-ai/
,5603,Cloudbric,CLBK,$0.001682,0.02%,3.56%,0.64%,"$1,201,568","$1,553
923,338 CLBK","714,209,731 CLBK",,https://coinmarketcap.com/currencies/cloudbric/
,5738,Artificial Intelligence,AI,$0.061599,12.14%,16.13%,15.05%,"$155,895","$1,161
7,260,320,557 AI","975,000,000,000 AI",,https://coinmarketcap.com/currencies/artificial-intelligence/
,5865,Ushi,USHI,$0.00001335,0.00%,3.76%,25.79%,"$280,330","$903
67,634,734 USHI","21,000,000,000 USHI",,https://coinmarketcap.com/currencies/ushi/
,5872,AutoCrypto,AU,$0.01728,0.00%,3.64%,13.69%,"$1,162,898","$894
51,752 AU","67,286,267 AU",,https://coinmarketcap.com/currencies/autocrypto/
,5949,Multiverse,AI,$0.0001487,0.00%,61.41%,97.40%,"$150,918","$760
5,109,011 AI","1,014,942,802 AI",,https://coinmarketcap.com/currencies/multiverse/
,5966,Oracle AI,ORACLE,$0.0002077,0.00%,3.75%,19.74%,"$182,194","$735
3,539,954 ORACLE","876,967,805 ORACLE",,https://coinmarketcap.com/currencies/oracle-ai/
,6012,Vuzz AI,VUZZ,$0.00143,1.71%,0.15%,1.81%,"$143,011","$658
460,328 VUZZ","100,000,000 VUZZ",,https://coinmarketcap.com/currencies/vuzz-mind/
,6044,Website AI,WEBAI,$0.06502,0.00%,4.07%,12.00%,"$63,007","$622
9,573 WEBAI","969,000 WEBAI",,https://coinmarketcap.com/currencies/website-ai/
,6067,Purple AI,PAI,$0.1804,0.00%,0.15%,17.24%,"$180,367","$593
3,285 PAI","1,000,000 PAI",,https://coinmarketcap.com/currencies/purple-ai/
,6146,KWAI,KWAI,$0.0634,0.00%,0.84%,1.59%,"$2,171,518","$511
8,058 KWAI","34,250,000 KWAI",,https://coinmarketcap.com/currencies/kwai-labs/
,6475,Trace Network Labs,TRACE,$0.0008945,11.39%,4.50%,18.95%,"$89,012","$257
286,790 TRACE","99,519,870 TRACE",,https://coinmarketcap.com/currencies/trace-network-labs/
,6559,Kambria,KAT,$0.000236,0.01%,2.60%,11.62%,"$418,673","$218
925,025 KAT","1,774,005,799 KAT",,https://coinmarketcap.com/currencies/kambria/
,7071,Aion,AION,$0.00172,0.01%,2.39%,7.51%,"$905,269","$68
39,336 AION","526,304,878 AION",,https://coinmarketcap.com/currencies/aion/
,7515,AITK,AITK,$0.0115435,0.00%,34.42%,112.96%,$0,"$18
3,276,713,693,379 AITK","99,999,999 AITK",,https://coinmarketcap.com/currencies/aitk/
,7858,Acria.AI,ACRIA,$0.007134,0.01%,3.12%,6.41%,"$927,492","$5
761 ACRIA","130,000,000 ACRIA",,https://coinmarketcap.com/currencies/acria/
,8017,Chat AI,AI,$0.0003739,0.14%,0.78%,7.07%,"$35,219","$2
5,269 AI","94,200,000 AI",,https://coinmarketcap.com/currencies/chat-ai/
,8418,Santiment Network Token,SAN,$0.09115,0.00%,0.00%,17.08%,"$5,711,414",,"62,660,371 SAN",,https://coinmarketcap.com/currencies/santiment/
,8445,EncrypGen,DNA,$0.002229,0.01%,1.19%,0.63%,"$158,104",,"70,938,084 DNA",,https://coinmarketcap.com/currencies/encrypgen/
,8460,AICHAIN,AIT,$0.002251,0.20%,0.74%,6.56%,"$1,204,866",,"535,067,071 AIT",,https://coinmarketcap.com/currencies/aichain/
,8471,Neurotoken,NTK,$0.0006516,0.21%,0.28%,11.00%,"$51,435",,"78,906,618 NTK",,https://coinmarketcap.com/currencies/neurotoken/
,8490,Seele-N,SEELE,$0.0004121,0.00%,0.02%,0.00%,"$9,641,266",,"23,400,000,000 SEELE",,https://coinmarketcap.com/currencies/seele/
,8949,inheritance Art,IAI,$0.2952,0.00%,0.00%,23.73%,"$4,575,100",,"15,500,000 IAI",,https://coinmarketcap.com/currencies/inheritance-art/
,9186,AiONE,AIONE,$0.00005262,0.00%,0.00%,4.31%,"$2,555,242",,"48,561,111,090 AIONE",,https://coinmarketcap.com/currencies/aione/
,9361,InspireAI,INSP,$0.01942,0.43%,0.10%,3.04%,"$194,358",,"10,000,000 INSP",,https://coinmarketcap.com/currencies/inspireai/
